{"menu":{"primary":33,"special-menu":34,"top-menu":50},"options":{"blogname":"Online Shop","blogname-child":"Online Shop","blogdescription":"WordPress eCommerce Theme","blogdescription-child":"WordPress eCommerce Theme","posts_per_page":"10","posts_per_page-child":"10","date_format":"F j, Y","date_format-child":"F j, Y","time_format":"g:i a","time_format-child":"g:i a","show_on_front":"page","show_on_front-child":"page","thumbnail_size_w":"285","thumbnail_size_w-child":"285","thumbnail_size_h":"190","thumbnail_size_h-child":"190","thumbnail_crop":"1","thumbnail_crop-child":"1","medium_size_w":"300","medium_size_w-child":"300","medium_size_h":"300","medium_size_h-child":"300","avatar_default":"mystery","avatar_default-child":"mystery","large_size_w":"1024","large_size_w-child":"1024","large_size_h":"1024","large_size_h-child":"1024","page_for_posts":"152","page_for_posts-child":"152","page_on_front":"151","page_on_front-child":"151","medium_large_size_w":"768","medium_large_size_w-child":"768","medium_large_size_h":"0","medium_large_size_h-child":"0","theme_mods_online-shop":{"0":false,"custom_css_post_id":241,"online_shop_theme_options":{"online-shop-feature-content-options":"product","online-shop-feature-product-cat":"31","online-shop-feature-slider-display-cat":false,"online-shop-feature-slider-display-excerpt":false,"online-shop-fs-image-display-options":"full-screen-bg","online-shop-feature-right-content-options":"product","online-shop-feature-right-product-cat":"32","online-shop-feature-right-post-number":3,"online-shop-enable-header-top":true,"online-shop-top-right-button-title":"My Account","online-shop-top-right-button-link":"http:\/\/demo.acmethemes.com\/online-shop\/my-account\/","online-shop-forth-info-title":"Working Hours - 10am - 06pm","online-shop-enable-special-menu":true,"online-shop-feature-enable-special-menu":true,"online-shop-social-data":"[{\"icon\":\"fa-facebook\",\"link\":\"https:\\\/\\\/www.facebook.com\\\/acmethemes\\\/\",\"checkbox\":false},{\"icon\":\"fa-twitter\",\"link\":\"https:\\\/\\\/twitter.com\\\/acme_themes\",\"checkbox\":false},{\"icon\":\"fa-linkedin\",\"link\":\"https:\\\/\\\/www.linkedin.com\\\/company\\\/acmethemes\\\/\",\"checkbox\":false},{\"icon\":\"fa-instagram\",\"link\":\"https:\\\/\\\/www.instagram.com\\\/acmethemes\\\/\",\"checkbox\":false},{\"icon\":\"fa-wordpress\",\"link\":\"https:\\\/\\\/profiles.wordpress.org\\\/ACMETHEMES\",\"checkbox\":false}]","online-shop-hide-front-page-content":true,"online-shop-enable-cart-icon":true,"online-shop-special-menu-text":"Categories","online-shop-menu-right-text":"Send Gift","online-shop-menu-right-highlight-text":"Offer","online-shop-menu-right-text-link":"http:\/\/demo.acmethemes.com\/online-shop\/shop\/","online-shop-feature-slider-right-display-arrow":false,"online-shop-feature-slider-enable-autoplay":false,"online-shop-top-right-button-options":"link","online-shop-enable-wishlist-icon":true,"online-shop-display-site-title":false,"online-shop-display-site-tagline":false,"online-shop-header-top-menu-display-selection":"right"},"custom_logo":366,"background_color":"fcfcfc"},"theme_mods_online-shop-child":{"0":false,"nav_menu_locations":{"primary":33,"special-menu":34,"top-menu":50},"custom_css_post_id":241,"online_shop_theme_options":{"online-shop-feature-content-options":"product","online-shop-feature-product-cat":"31","online-shop-feature-slider-display-cat":false,"online-shop-feature-slider-display-excerpt":false,"online-shop-fs-image-display-options":"full-screen-bg","online-shop-feature-right-content-options":"product","online-shop-feature-right-product-cat":"32","online-shop-feature-right-post-number":3,"online-shop-enable-header-top":true,"online-shop-top-right-button-title":"My Account","online-shop-top-right-button-link":"http:\/\/demo.acmethemes.com\/online-shop\/my-account\/","online-shop-forth-info-title":"Working Hours - 10am - 06pm","online-shop-enable-special-menu":true,"online-shop-feature-enable-special-menu":true,"online-shop-social-data":"[{\"icon\":\"fa-facebook\",\"link\":\"https:\\\/\\\/www.facebook.com\\\/acmethemes\\\/\",\"checkbox\":false},{\"icon\":\"fa-twitter\",\"link\":\"https:\\\/\\\/twitter.com\\\/acme_themes\",\"checkbox\":false},{\"icon\":\"fa-linkedin\",\"link\":\"https:\\\/\\\/www.linkedin.com\\\/company\\\/acmethemes\\\/\",\"checkbox\":false},{\"icon\":\"fa-instagram\",\"link\":\"https:\\\/\\\/www.instagram.com\\\/acmethemes\\\/\",\"checkbox\":false},{\"icon\":\"fa-wordpress\",\"link\":\"https:\\\/\\\/profiles.wordpress.org\\\/ACMETHEMES\",\"checkbox\":false}]","online-shop-hide-front-page-content":true,"online-shop-enable-cart-icon":true,"online-shop-special-menu-text":"Categories","online-shop-menu-right-text":"Send Gift","online-shop-menu-right-highlight-text":"Offer","online-shop-menu-right-text-link":"http:\/\/demo.acmethemes.com\/online-shop\/shop\/","online-shop-feature-slider-right-display-arrow":false,"online-shop-feature-slider-enable-autoplay":false,"online-shop-top-right-button-options":"link","online-shop-enable-wishlist-icon":true,"online-shop-display-site-title":false,"online-shop-display-site-tagline":false,"online-shop-header-top-menu-display-selection":"right"},"custom_logo":366,"background_color":"fcfcfc"},"woocommerce_shop_page_id":"6","woocommerce_shop_page_id-child":"6","woocommerce_cart_page_id":"7","woocommerce_cart_page_id-child":"7","woocommerce_checkout_page_id":"8","woocommerce_checkout_page_id-child":"8","woocommerce_myaccount_page_id":"9","woocommerce_myaccount_page_id-child":"9"}}