{"widget_positions":{"wp_inactive_widgets":["calendar-3"],"online-shop-sidebar":["woocommerce_products-5","woocommerce_recent_reviews-3","recent-posts-2","recent-comments-2","archives-2","categories-2"],"online-shop-home":["online_shop_wc_products-3","online_shop_featured_page-3","online_shop_wc_cats_tabs-3","online_shop_wc_products-7","online_shop_wc_feature_cats-3","online_shop_wc_products-9","online_shop_posts_col-3","online_shop_advanced_image_logo-3"],"online-shop-header":["online_shop_advanced_search-3"],"online-shop-before-feature":["online_shop_about-3"],"single-after-content":[],"full-width-top-footer":[],"footer-top-col-one":["text-3"],"footer-top-col-two":["nav_menu-4"],"footer-top-col-three":["nav_menu-3"],"footer-top-col-four":["recent-posts-5"],"footer-bottom-col-one":["online_shop_advanced_image_logo-5"],"footer-bottom-col-two":["online_shop_social-3"],"full-width-bottom-footer":[],"footer-bottom-left-area":["media_image-3"],"popup-widget-area":[],"array_version":3},"widget_options":{"calendar":{"_multiwidget":1,"3":[]},"woocommerce_products":{"3":{"title":"Latest Products","number":5,"show":"","orderby":"date","order":"desc","hide_free":0,"show_hidden":0},"_multiwidget":1,"5":{"title":"Recent Products","number":5,"show":"","orderby":"date","order":"desc","hide_free":0,"show_hidden":0}},"woocommerce_recent_reviews":{"_multiwidget":1,"3":{"title":"High Reviews Product","number":5}},"recent-posts":{"2":{"title":"","number":5},"5":{"title":"Recent Posts","number":6,"show_date":false},"_multiwidget":1},"recent-comments":{"2":{"title":"","number":5},"_multiwidget":1},"archives":{"2":{"title":"","count":0,"dropdown":0},"_multiwidget":1,"4":[]},"categories":{"2":{"title":"","count":0,"hierarchical":0,"dropdown":0},"_multiwidget":1},"online_shop_wc_products":{"_multiwidget":1,"3":{"online_shop_widget_title":"Featured Products","wc_advanced_option":"cat","online_shop_wc_product_cat":51,"online_shop_wc_product_tag":"","post_number":6,"column_number":4,"display_type":"carousel","wc_cat_display_option":"disable","orderby":"date","order":"DESC","view_all_option":"normal-link","all_link_text":"View All","all_link_url":"http:\/\/demo.acmethemes.com\/online-shop\/shop\/","enable_prev_next":1,"online_shop_img_size":"medium"},"5":{"online_shop_widget_title":"","wc_advanced_option":"recent","online_shop_wc_product_cat":"18","online_shop_wc_product_tag":"","post_number":4,"column_number":1,"display_type":"column","wc_cat_display_option":"disable","orderby":"date","order":"DESC","view_all_option":"disable","all_link_text":"","all_link_url":"","enable_prev_next":1,"online_shop_img_size":"shop_catalog"},"7":{"online_shop_widget_title":"Recents Products","wc_advanced_option":"recent","online_shop_wc_product_cat":"18","online_shop_wc_product_tag":"","post_number":8,"column_number":4,"display_type":"column","wc_cat_display_option":"disable","orderby":"date","order":"DESC","view_all_option":"disable","all_link_text":"","all_link_url":"","enable_prev_next":1,"online_shop_img_size":"shop_catalog"},"9":{"online_shop_widget_title":"Onsale Products","wc_advanced_option":"onsale","online_shop_wc_product_cat":"18","online_shop_wc_product_tag":"","post_number":4,"column_number":4,"display_type":"column","wc_cat_display_option":"disable","orderby":"date","order":"DESC","view_all_option":"disable","all_link_text":"","all_link_url":"","enable_prev_next":1,"online_shop_img_size":"shop_catalog"}},"online_shop_featured_page":{"_multiwidget":1,"3":{"online_shop_widget_title":"","first_page_id":173,"first_button_text":"Shop Now","first_button_url":"http:\/\/demo.acmethemes.com\/online-shop\/shop\/","second_page_id":176,"second_button_text":"Shop Now","second_button_url":"http:\/\/demo.acmethemes.com\/online-shop\/shop\/"}},"online_shop_wc_cats_tabs":{"_multiwidget":1,"3":{"online_shop_widget_title":"Classified Products","online_shop_featured_cats":{"24":"1","19":"1","20":"1","23":"1"},"post_number":4,"column_number":4,"display_type":"column","wc_cat_display_option":"disable","orderby":"date","order":"DESC","view_all_option":"disable","all_link_text":"","all_link_url":"","enable_prev_next":1,"online_shop_img_size":"shop_catalog"}},"online_shop_wc_feature_cats":{"3":{"online_shop_widget_title":"Popular categories","online_shop_featured_cats":{"35":"1","37":"1","38":"1","36":"1"},"layout_type":"2","enable_slider_mode":0,"term_per_slide":4,"view_all_option":"disable","all_link_text":"","all_link_url":"","number_of_product_text":"items","enable_prev_next":1,"online_shop_img_size":"full"},"_multiwidget":1},"online_shop_posts_col":{"_multiwidget":1,"3":{"online_shop_widget_title":"Latest Blog","post_advanced_option":"recent","online_shop_post_cat":42,"online_shop_post_tag":"","post_number":4,"column_number":4,"display_type":"column","orderby":"date","order":"DESC","view_all_option":"disable","all_link_text":"","all_link_url":"","enable_prev_next":1,"online_shop_img_size":"thumbnail"}},"online_shop_advanced_image_logo":{"_multiwidget":1,"3":{"online_shop_widget_title":"Our Associates","at_all_logo_items":[{"logo_img_url":"http:\/\/demo.acmethemes.com\/online-shop\/wp-content\/uploads\/2017\/12\/wpress.jpg","logo_img_link":""},{"logo_img_url":"http:\/\/demo.acmethemes.com\/online-shop\/wp-content\/uploads\/2017\/12\/woo.jpg","logo_img_link":""},{"logo_img_url":"http:\/\/demo.acmethemes.com\/online-shop\/wp-content\/uploads\/2017\/12\/bbpress.jpg","logo_img_link":"http:\/\/dasd"},{"logo_img_url":"http:\/\/demo.acmethemes.com\/online-shop\/wp-content\/uploads\/2017\/12\/jq.jpg","logo_img_link":"http:\/\/afsddf"}],"single_item_link_option":"disable","column_number":4,"display_type":"column","view_all_option":"disable","all_link_text":"","all_link_url":"","enable_prev_next":1},"5":{"online_shop_widget_title":"","at_all_logo_items":[{"logo_img_url":"http:\/\/demo.acmethemes.com\/online-shop\/wp-content\/uploads\/2017\/12\/pay-pal.jpg","logo_img_link":""},{"logo_img_url":"http:\/\/demo.acmethemes.com\/online-shop\/wp-content\/uploads\/2017\/12\/master-card.jpg","logo_img_link":""},{"logo_img_url":"http:\/\/demo.acmethemes.com\/online-shop\/wp-content\/uploads\/2017\/12\/visa-1.jpg","logo_img_link":""},{"logo_img_url":"http:\/\/demo.acmethemes.com\/online-shop\/wp-content\/uploads\/2017\/12\/cir-rcus.jpg","logo_img_link":""}],"single_item_link_option":"disable","column_number":4,"display_type":"column","view_all_option":"disable","all_link_text":"","all_link_url":"","enable_prev_next":1}},"online_shop_advanced_search":{"_multiwidget":1,"3":{"online_shop_search_placeholder":"Search Products"},"5":[]},"online_shop_about":{"3":{"online_shop_widget_title":"","at_all_page_items":[{"page_id":161},{"page_id":163},{"page_id":165}],"single_item_link_option":"disable","column_number":3,"display_type":"column","view_all_option":"disable","all_link_text":"","all_link_url":"","enable_prev_next":1},"_multiwidget":1},"text":{"1":[],"_multiwidget":1,"3":{"title":"Contact Information","text":"Ne vel legere utamur volumus. In quo agam facete, at sed duis verear adipiscing, diam natum id sed. Ad eam indoctum.No malorum persius ius, at nec dicunt expetendis. Vel ne eleifend deterruisset definitiones. Oporteat mediocritatem cu quo.","filter":true,"visual":true}},"nav_menu":{"3":{"title":"Quick Links","nav_menu":33},"4":{"title":"Premium Themes","nav_menu":49},"_multiwidget":1},"online_shop_social":{"_multiwidget":1,"3":[]},"media_image":{"_multiwidget":1,"3":{"attachment_id":394,"url":"http:\/\/demo.acmethemes.com\/online-shop\/wp-content\/uploads\/2017\/12\/online-shop-ads.jpg","title":"","size":"full","width":728,"height":90,"caption":"","alt":"","link_type":"custom","link_url":"","image_classes":"","link_classes":"","link_rel":"","link_target_blank":false,"image_title":""}}}}